Index,Name,Email,City,Country
1,Sharon Meadows,nortega@example.com,Lake Franciscomouth,Philippines
2,Tracy Ortiz,ccuevas@example.com,Shawntown,Hungary
3,Robert Ryan,thomas42@example.net,Lake Michele,Zimbabwe
4,Steven Lowe,andrea38@example.net,New Michael,Nigeria
5,Kristin Terry,carlfitzgerald@example.com,West Amber,Suriname
6,Brandi Small,solson@example.org,Laneside,United Arab Emirates
7,Hector White,benjaminware@example.net,Thompsonview,Guyana
8,Steven Alvarado,christopherbrown@example.org,Mcintyreville,Papua New Guinea
9,Kenneth Murphy,ryandiaz@example.com,Lake Jamie,Kazakhstan
10,Charles Buchanan,gordonanthony@example.org,Kellyborough,Afghanistan
